NAMA DOKTER,JUDUL,TULISAN,LINK
dr. Vina Liliana,Bagaimana mengobati diabetes?,"Diabetes adalah penyakit dimana kadar gula ditemukan berlebihan di dalam darah sehingga sering muncul keluhan mudah lapar, mudah haus, gatal-gatal, sering kencing, atau penurunan berat badan.
Untuk mengukur kadar gula darah bisa dilakukan pemeriksaan:
Gula darah sewaktu. Pemeriksaan gula acak yang bisa dilakukan sewaktu-waktu tanpa perlu puasa.
Gula darah puasa. Pemeriksaan yang dilakukan setelah Anda puasa selama 8 jam.
Gula darah 2 jam setelah makan.
HbA1C. Kadar gula yang ada di dalam sel darah merah, sehingga dapat mengetahui rata-rata kadar gula darah dalam 3 bulan terakhir sebelum pemeriksaan.
Jadi tidak ada istilah diabetes sewaktu. Mungkin yang Anda maksud adalah kadar gula darah Anda tinggi pada pemeriksaan gula darah sewaktu.
Perihal keluhan kepala kliyengan atau terasa ringan dan mau jatuh bisa saja menandakan kadar gula Anda terlalu rendah, karena pembatasan makanan yang sangat ketat.
Untuk mengontrol kadar gula Anda, Anda perlu makan dan minum obat secara teratur. Yang saat ini perlu Anda lakukan adalah cek kadar gula darah ulang terlebih bila Anda sedang menjalankan ibadah puasa dan tunjukkan hasilnya ke dokter sehingga bisa diberikan obat diabetes dengan dosis yang tepat atau cukup dengan mengatur pola makan saja.",https://www.sehatq.com/forum/diabetes-sewaktu-q13738
dr ester agustina,bagaimana penanganan diabetes?,"Diabetes merupakan salah satu penyakit 
dimana tubuh tidak dapat memproduksi insulin sehingga menyebabkan 
peningkatan kadar glukosa dalam tubuh. Ada dua tipe diabetes yaitu diabetes tipe 1 (akibat genetik dan muncul saat anak-anak) dan diabetes tipe 2
 (akibat gaya hidup dan muncul sejak dewasa). Gejala dari diabetes itu 
sendiri yaitu cepat haus dan lapar, sering buang air kecil terutama di 
malam hari, lemas, kesemutan, berat badan turun, pandangan kabur, mulut 
kering, dll. Untuk mendiagnosa 
penyakit ini, dilakukan pemeriksaan kadar HbA1C, gula darah sewaktu, 
gula darah puasa, dan tes toleransi glukosa oral. Jika sudah terdeteksi,
 maka penyakit ini hrs segera diobati. Pengobatannya berupa pemberian 
insulin lewat suntikan, obat-obatan anti diabetes seperti metformin, 
glimepirid, dll, melakukan aktivitas fisik, dan pola makan yang sehat. 
Jika tidak diobati, maka diabetes dapat menimbulkan komplikasi seperti 
gagal ginjal, ke saraf, pembuluh darah, mata, dan juga jantung. Untuk itu, sebaiknya Anda melakukan pengobatan yang rutin ke dokter spesialis penyakit dalam.
 Pengobatan tersebut bertujuan agar gula darah anda tetap stabil dan 
penyakit ginjal Anda tidak semakin parah. Tidak harus dirawat inap 
selagi kondisi badan Anda masih stabil. Lalu, ajak suami Anda untuk 
menemani Anda kontrol, sehingga suami Anda mendapat penjelasan juga dari
 dokter mengenai kondisi Anda dan berharap ke depannya suami Anda 
menjadi lebih pengertian kepada Anda. ",https://www.sehatq.com/forum/saraf-q11101
dr lidya hapsari,gejala khas diabetes,"nak yang memiliki orangtua diabetes, akan
 merasa takut terkena diabetes juga. Terutama jika memiliki faktor 
risiko lainnya seperti obesitas. Obesitas memang menjadi salah satu 
penyebab diabetes namun tidak semua pasien obesitas pasti terkena 
diabetes.Apakah anak obesitas dengan orangtua diabetes, akan mengalami diabetes juga ?Anda
 berumur 13 tahun dengan berat badan 63 kg. Ibu Anda memiliki riwayat 
penyakit pradiabetes. Selama ini Anda mengalami keputihan, kuku kuning 
dan gigi agak goyang. Tetapi tidak merasakan keluhan lemas, sering 
kencing dan sering haus.Mengenai 
pertanyaan Anda, apakah obesitas, keputihan, kuku kuning dan gigi 
goyang, gejala diabetes ? Obesitas merupakan salah satu penyebab 
diabetes ditambah dengan riwayat orangtua diabetes juga.Namun obesitas, keputihan, kuku kuning dan gigi goyang bukanlah gejala khas diabetes. Gejala khas diabetes berupa 4 P yaitu :Poliuri (rasa ingin terus berkemih).Polidipsi (rasa haus terus menerus).Polifagi (rasa ingin terus makan).Penurunan berat badan.Penyebab keputihan pada remaja putriKeputihan
 bisa disebabkan oleh gangguan hormonal, ransangan seksual, tanda 
ovulasi, infeksi. Sedangkan kuku kuning disebabkan oleh infeksi jamur, 
kurangnya asupan nutrisi, mineral dan vitamin. Gigi goyang karena 
benturan atau gigi keropos.Namun tidak ada salahnya Anda cek gula berkala di dokter penyakit dalam, turunkan berat badan dan jalani hidup sehat agar terhindar dari diabetes.",https://www.sehatq.com/forum/gejala-diabetes-q50473
dr vina liliana,bagaimana ciri diabetes,"Diabetes adalah penyakit di mana tubuh 
tidak bisa mengontrol kadar gula, yang seringkali terjadi akibat 
kerusakan hormon pankreas untuk memproduksi insulin.Diabetes ini memiliki beberapa klasifikasi yakni: Tipe 1 yang bawaan dari lahir.Tipe 2 yang biasanya terjadi saat dewasa akibat tidak menjaga pola makan dengan baik.Diabetes gestasional yang terjadi saat kehamilan.Beberapa
 gejala-gejala diabetes antara lain mudah lapar, sering haus, penurunan 
berat badan secara drastis, gatal-gatal di badan, adanya keputihan pada 
wanita, sering kencing, dll. Dan sayangnya gejala ini muncul bila 
diabetes sudah cukup parah. Sehingga sebaiknya bila ada faktor keturunan
 di dalam keluarga yang mengalami diabetes, ada baiknya melakukan check 
up rutin setiap setahun sekali untuk deteksi dini.Yang perlu dilakukan untuk mengontrol diabetes adalah:Mengatur pola makan, perbanyak asupan sayur dan buah agar tidak mudah lapar.Batasi atau hindari makanan gorengan atau berlemak.Banyak minum air putih.Tidur secara teratur, karena kondisi kelelahan, stres, atau adanya infeksi bisa meningkatkan kadar gula.Lakukan olahraga secara teratur untuk membakar kalori.Bila kadar gula tidak terlalu tinggi, maka dengan pengaturan pola makan,
 maka istri Anda tidak perlu minum obat. Namun bila dengan perubahan 
gaya hidup namun kadar gula masih tinggi, maka istri Anda perlu 
mengonsumsi obat diabetes secara rutin untuk mencegah terjadinya 
komplikasi di kemudian hari. Jangan lupa untuk kontrol kadar gula dan 
periksa ke dokter penyakit dalam secara teratur.",https://www.sehatq.com/forum/diabetes-q18595
dr ramadhan harya,Impoten dan Diabetes,"impoten adalah keadaan sulit mempertahankan atau memulai ereksi. Pada penderita diabetes,
 masalah impotensi dapat terjadi dikarenakan terjadinya gangguan suplai 
aliran darah dan saraf pada penis saat adanya stimulasi seksual, 
sehingga sulit untuk mendapatkan atau mempertahankan ereksi yang 
maksimal.Secara normal ketika 
adanya rangsangan seksual, tubuh akan mengeluarkan zat yaitu nitrit 
oksida yang dilepaskan ke aliran darah yang akan menyebabkan arteri dan 
otot pada penis untuk relaksasi sehingga aliran darah ke penis akan 
meningkat dan menimbulkan ereksi. Pada penderita diabetes yang gula 
darahnya tidak terkontrol secara baik, produksi nitrit oksida ini akan 
mengalami penurunan sehingga sulit untuk mendapat ereksi yang maksimal.Untuk
 menanggapi masalah RM, coba untuk mengontrol gula darah secara rutin 
untuk mendapatkan ereksi yang maksimal kembali, namun jika belum ada 
perubahan segera konsultasikan ke dokter secara langsung untuk dilakukan
 pemeriksaan dan pengobatan yang sesuai dengan penyebab gangguan ereksi 
tersebut.",https://www.sehatq.com/forum/impoten-dan-diabetes
dr lisza oktavianti,saya menderita diabetes,"Diabetes atau yang biasa dikenal dengan kencing manis adalah, penyakit metabolik yang menyebabkan kadar gula dalam darah berlebih atau hiperglikemik, karena kaitannya dengan insulin. Insulin adalah hormon yang diproduksi oleh pangkreas, yang berfungsi untuk memindahkan gula kedalam sel. Pada diabetes, pankreas kurang memproduksi insulin atau karena insulin menurun efektifitas kerjanya.
Metformin dan glimepirid adalah obat yang biasanya digunakan oleh penderita diabetes. Kedua obat tersebut berfungsi menurunkan kadar gula dalam darah. Penggunaan kedua obat tersebut didak dilarang digunakan secara bersamaan. Namun, penggunaannya harus dalam pengawasan dokter dan pemutusan untuk menggunakan atau menghentikan salah satu dari kedua obat tersebut harus dilakukan oleh dokter, melihat kondisi pada pasien, seperti kadar gula darah pasien. Menggunakan glimepirid dan metformin secara bersamaan tanpa pengawasan dari dokter akan mengakibatkan rendahnya kadar gula dalam darah, atau hipoglikemik. Pada keadaan kadar gula darah yang terlalu rendah, atau hipoglikemik akan menyebabkan pingsan hingga koma. Penghentian salah satu dari obat tersebut tanpa pengawasan dokter akan menyebabkan kadar gula dalam darah meningkat.
Tips menjaga kesehatan pada penderita diabetes :
Ada beberapa cara yang dapat dilakukan dirumah untuk menjaga kadar guda dalam darah dan menjaga kesehatan enderita diabetes, seperti :
Rutin berolahraga, seperti senam diabetes,
Membatasi asupan karbohidrat, seperti nasi, roti, jagung, dan bijak memilih gula pengganti,
Hindari cemilan yang dapat meningkatkan kadar gula darah, seperti biskuit, roti, dan cake,
Mengatur pola makan, seperti perbanyak makan sayur dan lauk ketika makan, karena sayur mengandung banyak serat, serat lama dicerna oleh tubuh, sehingga akan terasa kenyang lebih lama,
Rutin minum obat, pada penderita diabetes, harus seimbang natara makan dan minum obat, karena bila makan tanpa minum obat akan menyebabkan kadar gula darah tinggi, dan sebalikya bila minum obat tana makan akan menyebabkan kadar gula darah menjadi rendah,
Rutin cek kadar gula darah,
Rutin kontrol ke dokter.
Semoga membantu.",https://www.sehatq.com/forum/saya-menderita-diabetes-q45035
dr ghifari zuhda,"Bagaimana cara menggatasi Diabetes ?
","Tubuh manusia memerlukan energi untuk 
melakukan aktifitas,energi didapat dari makanan dan diolah menjadi zat 
Glukosa di dalam darah. Glukosa di dalam darah yang terlalu berlebihan 
kemudian diubah menjadi Glikogen oleh hormon insulin dan disimpan di 
dalam otot. Keadaan dimana kadar gula (glukosa) di dalam darah terlalu 
banyak atau melebihi batas dalam istilah medis disebut sebagai Diabetes Melitus.Diabetes
 Melitus dibagi menjadi Diabetes tipe 1 dan tipe 2. Diabetes tipe 1 
dikarenakan adanya kerusakan sel pankreas dalam menghasilkan insulin 
sehingga jumlah insulin dibawah normal. Diabetes tipe 2 disebabkan 
adanya menurunnya sensitifitas tubuh terhadap insulin sehingga insulin 
tidak bisa berfungsi optimal. Mayoritas yang terjadi adalah diabetes melitus tipe 2.Beberapa tips untuk mencegah dan mengurangi gula darah yang tinggi diantaranya :Kurangi konsumsi gula pasir atau produk olahan yang mengandung gula pasir yang mengandung kalori yang tinggi.Kurangi
 konsumsi nasi yang terlalu banyak, dimana kandungan karbohidrat yang 
terlalu tinggi nantinya bisa memicu kenaikan gula darah.Jagalah berat badan Anda. Berat badan berlebihan bisa memicu menurunya efektifitas insulin.Rutinlah melakukan cek gula darah minimal sekali setahun.Olahraga
 teratur, sebab olahraga mampu membantu proses metabolisme tubuh optimal
 dan membantu regulasi transformasi glukosa menjadi glikogen dan 
sebaliknya secara optimal.Konsumsi beberapa makanan yang bagus 
untuk membantu produksi insulin semisal Pare, bawang putih dan brokoli 
serta menghindari makanan junkfood dan yang mengandung lemak misal jeroan (paru, kikil dll). Berikut saya sertakan artikel Jalani pola hidup sehat untuk hidari Diabetes Ada
 baiknya Anda konsultasikan dengan dokter apabila Anda mempunyai 
pertanyaan lainya dan agar Anda bisa mengetahui kesehatan diri Anda 
lebih dini. Semoga bermanfaat.",https://www.sehatq.com/forum/bagaimana-cara-menggatasi-diabetes
dr putra anughra,Penyebab penyakit Diabetes Melitus,"Diabetes Melitus (DM) adalah suatu 
penyakit yang merupakan kumpulan dari beberapa gejala yang timbul pada 
seseorang yang disebabkan oleh karena adanya peningkatan kadar gula 
(glukosa) darah.Peningkatan 
glukosa dalam darah bisa terjadi oleh karena hormon insulin tidak 
berhasil membawa glukosa kita masuk ke dalam sel-sel tubuh. Maka dari 
itu, glukosa tetap berada dan menumpuk didalam aliran darah.Mengapa bisa terjadi demikian?Ada sebuah hormon yang bertanggung jawab terhadap transport glukosa dari dalam darah menuju sel-sel tubuh kita, yaitu Hormon Insulin.Diabetes Melitus (DM) secara umum terdiri dari 2 jenis, yaitu DM Tipe I dan DM Tipe II.Pada penderita Diabetes Melitus (DM) Tipe I,
 hormon Insuin tidak dapat diproduksi dari pabriknya yaitu kelenjar 
pankreas. Kerusakan pankreas pada DM Tipe I bersifat Idiopatik alias 
belum diketahui penyebabnya hingga saat ini. Tipe ini biasanya terjadi 
sejak usia kecil dan terjadi pada sebagian kecil kasus Diabetes Melitus 
secara keseluruhan.Pada penderita Diabetes Melitus (DM) Tipe II, kelenjar
 pankreas berfungsi normal dalam memproduksi hormon insulin. Namun yang 
menjadi adalah, kadar glukosa yang masuk kedalam tubuh terlampau banyak 
dan menahun sehingga membuat reseptor insulin yang ada pada dinding sel 
tubuh kita merasa ""kewalahan"" dalam menerima glukosa yang dibawa oleh 
hormon insulin. Hal ini menyebabkan terjadinya kondisi yang disebut Resistensi Insulin. Akhirnya glukosa tidak semuanya dapat masuk ke dalam sel dan tetap berada didalam peredaran darah.Karena
 sel-sel tubuh kita tidak berhasil mendapatkan glukosa yang dibutuhkan, 
maka munculah berbagai gejala khas dari penderita DM khususnya DM Tipe 
II yaitu Sering lapar (Polyphagia), sering haus (Polidypsia), dan sering kencing malam hari (Nocturnal Polyuria). Gejala khas ini dikenal dengan istilah 3PPerlu
 diketahui bahwa sebagian besar kasus DM adalah Diabetes Melitus Tipe 
II. Maka dari itu, penting bagi kita semua untuk menjaga pola makan 
terutama membatasi porsi makanan tinggi glukosa yang dikonsumsi setiap 
harinya seperti nasi putih, kue-kue manis, es teh manis, cokelat, 
minuman bersoda, dll agar terhindar dari penyakit Diabetes Melitus. 
Selain itu berolahraga secara rutin minimal 30 menit setiap harinya juga
 berguna untuk mencegah obesitas yang nantinya juga akan bermuara ke 
penyakit Diabetes Melitus dan penyakit-penyakit berbahaya lainnya.",https://www.sehatq.com/forum/penyebab-penyakit-diabetes-melitus
dr aisyah nur ramadhani,ciri ciri kulit diabates,"diabetes merupakan salah satu penyakit yang banyak
 di derita banyak orang. Pada diabetes biasanya mengalami gangguan pada 
produksi insulin sehingga pada penderita diabetes gula darahnya tinggi. 
Pada pasien diabetes haruslah konsumsi obat secara rutin, karena jika 
tidak akan menimbulkan komplikasi seperti gangguan mata (retinopatik 
diabetes), gangguan jantung, gangguan pada kulit, stroke, bahkan 
gangguan ginjal.Pada pasien 
diabetes yang sudah lama kulitnya akan cenderung kering. Hal ini 
disebabkan karena gangguan pada pembuluh darah yang ada di tepi kulit.Ciri-ciri kulit diabetes :Kulit tampak keras dan tebalKulit menguning seperti timbul bercak-bercak atau malah menghitamSering terjadi infeksi di kulitJika ada luka biasanya akan susah sembuhBeberapa cara untuk mengatasi kulit diabetes :Konsumsi makanan sehat, kurangi gula agar gula darahnya teraturKonsumsi air putih minimal 2-3 liter/hariJaga kebersihan lukaHindari mandi dengan air hangatJika ada luka sebaiknya di rawat dengan segeraGunakan pelembab kulit seperti lotionRutin olahraga ringanTerapkan pola hidup sehat, hindari rokok dan alkoholJika kulit kering akibat diabetes tidak kunjung membaik, sebaiknya periksakan lebih lanjut ke dokter kulit kelamin untuk dilakukan pemeriksaan lebih lanjut. Anda juga bisa berkonsultasi secara online chat ke dokter kulit kelamin.",https://www.sehatq.com/forum/ciri-ciri-kulit-diabetes-q44519
tim dokter sehat,Diabetes: apa saja gejalanya?,"Diabetes Melitus adalah suatu kelompok penyakit metabolik yang ditandai dengan kondisi Hiperglikemia (meningkatnya kadar gula dalam darah) secara kronis. Hal ini akibat efek dari :
Kerja insulin di hati yang menyebabkan peningkatan produksi gula darah di hati, otot dan lemak.
Produksi dan Pelepasan  insulin di Pankreas
Kondisi pada 1 dan 2
Diabetes Melitus (DM) dibagi dalam 2 tipe yaitu :
Diabetes Melitus (DM) Tipe 1
Diabetes Melitus (DM) Tipe 2
Saat ini di kota-kota besar akibat gaya hidup yang tidak memperhatikan pola makan yang sehat, maka Diabetes Melitus (DM) Tipe 2 banyak ditemukan pada masyarakat.
Gejala dan Keluhan khas pada Penderita DM adalah :
Poliuria (Volume Kencing banyak)
Polidipsia (Perasaan haus yang berlebihan)
Polifagia (Perasaan lapar yang berlebihan)
Penurunan Berat Badan yang tidak diketahui Penyebabnya.
Sedangkan keluhan yang tidak khas pada Penderita DM adalah ;
Lemah
Kesemutan
Gatal
Mata kabur
Disfungsi ereksi pada Pria
Gatal sekitar kemaluan pada Wanita
Berikut adalah kondisi yang merupakan Faktor Resiko untuk DM Tipe 2 yaitu :
Usia lebih dari 45 tahun. Saat ini banyak ditemukan pada usia yang lebih muda.
Berat Badan Ideal > 110% atau IMT > 23Kg/m2
Hipertensi
Memiliki Riwayat keturunan DM
Untuk Wanita : memiliki riwayat abortus berulang, melahirkan bayi cacat, atau BB Bayi besar > 4000gr
Penderita Penyakit Jantung Koroner, TBC, Hipertiroid.
Kadar Kolesterol HDL < 35mg/dL dan atau Kolesterol Trigliserida > 250 mg/dL.
Yang dimaksudkan dengan Faktor Resiko adalah Faktor yang menyebabkan seseorang lebih besar memiliki kemungkinan menderita suatu penyakit. Makin banyak Faktor Resiko pada orang tsb, makin tinggi resiko untuk terkena suatu Penyakit.
Namun untuk pemeriksaan lebih lanjut dan Konsultasi, selalu kami sarankan untuk mengunjungi Dokter Spesialis Penyakit Dalam terdekat di Kota Bapak.",https://www.sehatq.com/forum/diabetes-apa-saja-gejalanya
dr farahdissa,Bagaimana solusi mengatasi diabetes?,"Diabetes atau gula darah tinggi merupakan penyakit kronis yang jika tidak dikontrol akan menyebabkan gangguan pada organ-organ tubuh.  Kondisi ini akan ditandai dengan mudah lapar, mudah haus, sering buang air kecil, badan lemas, pandangan kabur, luka yang sulit sembuh.  Diabetes memang identik dengan faktor keturunan namun ada faktor lain yang menyebabkan seseorang memiliki gula darah tinggi. 
Penyebab diabetes :
Faktor keturunan.
Kelebihan berat badan atau obesitas.
Usia lebih dari 45 tahun.
Jarang bergerak atau olahraga.
Memiliki riwayat hipertensi ataupun kadar kolestrol dan trigliserid yang tinggi.
Bila orangtua anda memiliki gula darah 500 memang sudah termasuk pada kategori diabetes.  Hal ini bisa dikarenakan faktor selain keturunan.  Jika setelah tes gula darah puasa ulang gula darah lebih dari 126 mg/dL maka diperlukan pengobatan secara rutin serta evaluasi berkala pada dokter guna memantau kadar gula darah orangtua anda.
Penanganan pada penderita gula darah tinggi :
Mulai mengatur makanan dan minuman yang dikonsumsi. Sebaiknya mengurangi makanan yang tinggi karbohidrat seperti nasi yang diganti dengan kentang ataupun ubi.  Kurangi konsumsi gula, kopi ataupun teh.
Olahraga teratur setiap hari. Dimulai dari olahraga ringan seperti jalan santai setiap pagi atau sore 1-2 jam.
Perbanyak minum air putih.
Rutin minum obat sesuai anjuran dokter.
Pastikan istirahat cukup 8-9 jam setiap hari dan hindari stress.",https://www.sehatq.com/forum/gejala-diabetes-q30767
dr evelin kwandang,penyebab fenomena fajar pada diabetes,"Fenomena fajar pada penderita diabetes disebabkan oleh adanya hormon insulin tidak diproduksi selayaknya orang sehat, sehingga hormon insulin yang berfungsi menyerap serta mengubah gula darah menjadi energi tidak bekerja dan menyebabkan lonjakan kadar gula dalam darah. Kondisi ini disebut juga resistensi insulin yaitu sel tubuh tidak merespon insulin.
Disebut fenomena fajar karena umumnya keluhan ini terjadi ketika gula darah tiba-tiba naik drastis dipagi hari. Sebabnya terdapat beberapa hormon seperti hormon pertumbuhan, kortisol dan glukagon yang merangsang organ hati untuk melepaskan glukosa ke dalam darah dan memang secara normal akan terjadi pada pagi hari menjelang Anda bangun dari tidur.
Mengetahui adanya fenomena fajar
Pada fenomena ini, jika gula darah mencapai diatas  180 miligram per desiliter (mg/dL) maka disebut dengan hiperglikemia dan akan menyebabkan beberapa gejala berikut dalam tubuh :
Mulut terasa kering dan sangat haus
Intensitas buang air kecil meningkat
Penglihatan menjadi kabur
Beberapa tindakan yang dapat dilakukan untuk mencegah fenomena fajar adalah
Hindari konsumsi karbohidrat maupun gula sebelum tidur
Cek gula darah pada jam 04.00 atau 05.00 pagi
Minum obat atau menyuntikkan insulin menjelang tidur
Gunakan pompa insulin agar pelepasan insulin lebih baik dalam menjaga gula darah",https://www.sehatq.com/forum/penyebab-fenomena-fajar-pada-diabetes-q43656
dr adipasha dwitama,Diabetes dan batuk-batuk berdahak,"Diabetes merupakan penyakit kronis dengan gangguan pada organ pankreas sehingga membuat kadar gula darah dalam tubuh meningkat. Kondisi ini dapat memicu timbulnya beragam permasalahan kesehatan lain seperti gangguan ginjal, gangguan saraf atau neuropati, gangguan kehamilan, gangguan pembuluh darah, dan juga meningkatkan risiko infeksi pada tubuh.
Batuk-batuk berdahak yang timbul pada ibu Anda dapat dipicu oleh beberapa penyebab seperti:
Infeksi saluran pernapasan baik timbul karena infeksi jamur, virus, bakteri ataupun bakteri spesifik seperti tuberkulosis
Reaksi alergi
Iritasi pada saluran napas
Penggunaan obat tertentu
Untuk itu apabila batuk mengganggu periksakan kondisi ibu Anda, dimana nantinya akan dilakukan wawancara medis, pemeriksaan fisik dan pemeriksaan penunjang seperti lab darah, foto rontgen, pemeriksaan sampel dahak dan lainnya yang diperlukan sebelum ditentukan pengobatan yang sesuai. 
Untuk mengurangi gejala batuk dapat dilakukan beberapa upaya seperti mengonsumsi air hangat dan madu, dilakukan inhalasi dengan uap air panas, gunakan pelembap ruangan atau humidifier, ataupun bisa menggunakan essential oil untuk melegakan saluran pernapasan. Semoga bermanfaat.",https://www.sehatq.com/forum/diabetes-dan-batuk-batuk-berdahak
dr farhdissa,Bagaimana mengatasi muntah pada diabetes?,"Diabetes adalah kondisi ketika gula darah saat puasa melebihi batas normal yang disebabkan oleh gangguan hormon insulin ataupun faktor bawaan serta pola hidup awalnya yang kurang baik. 
Prinsip penanganan diabetes adalah pengaturan makan, perubahan gaya hidup, pemeriksaan darah berkala saat puasa, serta pengobatan rutin.  Tetap penuhi asupan nutrisi agar tidak menimbulkan gula darah yang tiba-tiba rendah akibat minum obat tetapi makanan tidak mencukupi.  Muntah bisa terjadi karena efek diabetes ataupun bisa karena faktor asam lambung yang naik.  
Tindakan awal untuk muntah pada diabetes :
Atur pola makan rendah gula, tinggi serat.
Setidaknya air putih 2 liter dalam satu hari. 
Seduh air hangat dan sedikit jahe untuk pengurang mual.
Makan porsi sedikit tetapi sering agar tidak membuat mual atau muntah.
Selalu gunakan alas kaki yang nyaman dan usahakan menghindari terkena benturan atau luka.
Jaga pola tidur teratur dan kurangi begadang.
Minum obat teratur dan sesuai anjuran.
Tetap olahraga ringan minimal 20 menit.
Ketika dengan cara tersebut orangtua tetap muntah dan sulit makan, ada baiknya konsultasikan ke dokter spesialis penyakit dalam untuk pemeriksaan dan penanganan lebih lanjut sesuai kondisi saat ini.   ",https://www.sehatq.com/forum/diabetes-basah-q41678
dr. Rahmita Dewi,Nyeri punggung akibat penyakit diabetes,"Diabetes adalah suatu kondisi medis yang berkaitan dengan hormon yang disebut dengan insulin, dimana terjadi gangguan yang menyebabkan kadar gula darah di dalam tubuh menjadi terlalu tinggi. Insulin merupakan hormon yang mengatur gula dan lemak, diproduksi oleh organ pankreas dan gangguan yang terjadi pada insulin umumnya adalah produksi yang sangat sedikit atau ketika respon tubuh pada insulin tidak tepat. 
Keadaan kadar gula yang terlalu tinggi pada penderita diabetes dapat mengakibatkan berbagai komplikasi. Salah satunya komplikasi kerusakan saraf yang disebut dengan neuropati diabetikum. Lokasi terkenanya saraf dapat terjadi dari ujung kaki hingga ujung kepala. Dan terkait dengan keluhan nyeri punggung pada Anda, apabila tidak ada riwayat nyeri yang menjalar, mungkin merupakan jenis neuropati fokal atau yang menyerang pada satu saraf yang spesifik, di daerah punggung.
Namun terdapat pula kemungkinan penyebab lainnya dari nyeri punggung, seperti :
Tegangan pada otot dan ligamen di daerah tulang belakang
Gangguan bantalan tulang belakang
Radang sendi
Gangguan struktur tulang belakang
Pengapuran tulang dan kondisi medis lainnya
Untuk memastikan apakah memang sakit punggung yang dirasakan merupakan komplikasi dari diabetes, diperlukan pemeriksaan lebih lanjut dan hendaknya kontrol rutin gula darah serta pengobatan diabetes dilakukan secara teratur. Dengan keadaan gula darah yang terkontrol, umumnya keluhan neuropati dapat membaik, dapat pula mencegah terjadinya neuropati di bagian saraf yang lain dan mencegah perburukan pada saraf yang telah terkena.
Secara umum, beberapa cara untuk mengatasi sakit punggung diantaranya adalah :
Mengonsumsi obat pereda nyeri
Mengompres bagian yang nyeri atau menggunakan pereda nyeri topikal seperti krim capcaisin atau minyak cengkeh
Menjalani prosedur fisioterapi
Mengonsumsi air rebusan kunyit
Mengurangi stres
Dan sebagai opsi terakhir, dokter dapat menyarankan prosedur operasi
Untuk mencegah kekambuhan sakit punggung pada Anda, cobalah melakukan beberapa cara berikut :
Kontrol rutin gula darah dan pengobatan diabetes secara patuh pada dokter Anda
Latihan pereganggan punggung 2-3x dalam seminggu
Memperbaiki postur berdiri dan duduk 
Lebih memperhatikan pola makan
Hindari mengangkat benda berat 
Apabila perekrjaan Anda menuntut posisi duduk yang terus menerus, sempatkan untuk melakukan peregangan setiap 2-3 jam sekali",https://www.sehatq.com/forum/nyeri-punggung-akibat-penyakit-diabetes
dr. Lidya,"Awas diabetes, penyebab mata kabur.","Penglihatan yang berbayang dan kabur membuat tidak nyaman penderitanya. Mata sebagai organ keimbangan, jika terganggu penderita dapat merasakan pusing dan sempoyongan. Ini juga berbahaya karena dapat membuat penderita jatuh dengan benturan di kepala atau membuat penderita menabrak sesuatu.
Penyebab mata kabur
Penyebab mata kabur ada beberapa macam, antara lain :
Rabun jauh atau yang disebut miopia adalah seseorang tidak dapat melihat atau tidak jelas ketika melihat benda yang jauh. Penderita juga akan memicingkan mata untuk memperjelas penglihatannya.
Rabun dekat atau hipermetropia biasanya dialami oleh orang tua. Seseorang tidak dapat melihat benda atau tulisan dari jarak dekat, sehingga harus memundurkan buku yang dibacanya agar terlihat lebih jelas.
Silinder atau astigmatisme terjadi karena ketidaksempurnaan lengkung kornea. sehingga menyeyababkan penglihatan menjadi kabur.
Glaukoma. Kondisi ini terjadi karena tekanan yang tinggi di bola mata merusak saraf mata dan menyebabkan pandangan kabur.
Diabetetes. Diabetes merupak ""induk"" dari segala penyakit dapat menyerang saraf, termasuk saraf mata.
Stroke yang mengakibat pecahnya pembuluh darah mata.
Cara penatalaksanaan mata kabur
Cara penatalaksaan mata kabur seseuai dengan penyebabnya. Jika diakibatkan oleh penyakit diabetes, anda dapat mengontrol gula darah. Jika disebabkan oleh rabun jauh, rabun dekat, atau silinder, dapat menggunakankaca mata yang sesuai.
Konsultasi ke dokter mata jika keluhan terus berlanjut agar tidak mebahayakan diri Anda.",https://www.sehatq.com/forum/penglihatan-kabur-kabur-q27413
dr. Adhi Pasha Dwitama,Cara mengatasi vertigo dan diabetes,"Diabetes adalah peningkatan kadar gula darah tinggi yang dipastikan dengan kadar gula darah lebih dari 200 g/dl pada pemeriksaan gula darah sementara atau gula darah puasa lebih dari 126 g/dl. Jika gula darah mencapai 329 g/dl tidak bisa hanya mengonsumsi herbal untuk mengendalikan gula darah tetapi perlu diperiksakan pada dokter atau dokter spesialis penyakit dalam untuk mendapatkan penanganan obat hiperglikemik oral atau obat diabetes. 
Penyakit diabetes adalah penyakit kronik yang tidak bisa disembuhkan jadi memerlukan mengonsumsi obat seumur hidup dan menjaga pola hidup dan asupan makan agar menjaga kadar gula darah terkontrol dan menghindari komplikasi lain yang bisa disebabkan oleh kadar gula darah tinggi yang tidak terkontrol.
Pusing berputar disertai mual sendiri bisa beragam penyebabnya diantaranya:
Vertigo
Tekanan darah tinggi
Tekanan darah rendah
Tekanan gula darah yang rendah atau hipoglikemia
Kurang darah atau anemia
Gangguan psikologis
Efek obat-obatan
Beberapa kemungkinan pusing juga bisa dipicu oleh konsumsi herbal yang bisa menyebabkan penurunan tekanan darah mendadak ataupun penurunan gula darah yang terlalu drastis. Untuk itu sebaiknya bisa diperiksakan pada dokter segera dan dilakukan pemeriksaan baik pemeriksaan fisik dan juga pemeriksaan penunjang seperti lab darah dan pemeriksaan lainnya yang diperlukan.",https://www.sehatq.com/forum/sehatq-q25784
dr. Sylvia V,Bolehkah penderita diabetes sarapan oats?,"Oats berasal dari biji gandum kering, yang mengandung banyak zat gizi seperti vitamin B, kalsium, zat besi, magnesium, dan serat. Oats memiliki banyak manfaat bagi kesehatan, misalnya melancarkan buang air besar, menyehatkan tulang, maupun mencerahkan kulit dan mengecilkan pori-pori apabila dijadikan masker wajah.
Oats merupakan salah satu makanan yang dapat menjadi sumber karbohidrat. Oats tergolong ke dalam karbohidrat kompleks, yang lebih lambat dalam menaikkan gula darah ketimbang karbohidrat simpleks. Pada penderita diabetes, memang karbohidrat kompleks seperti oats-lah yang direkomendasikan.
Oleh karena itu, mengonsumsi oats sebagai sarapan diperbolehkan, ya. Selain itu, Anda juga bisa mengonsumsi jenis karbohidrat kompleks lainnya seperti beras merah, roti gandum, quinoa, buah-buahan, ataupun sayur-mayur.
Imbangi karbohidrat kompleks dengan zat gizi lainnya, yaitu:
Lemak sehat, yang bisa Anda dapatkan dari minyak kelapa, minyak zaitun, maupun telur
Protein, misalnya dari tahu, tempe, kacang-kacangan, daging, ikan, atau ayam
Vitamin dan mineral, dari buah dan sayur-mayur
Jangan lupa juga untuk minum air putih secara teratur, ya. Lalu, selain memperhatikan pola makan, penderita diabetes sebaiknya melakukan aktivitas secara rutin 30 menit per hari. Pantau gula darah secara berkala, dan segera periksakan kepadadokter spesialis penyakit dalam apabila ada keluhan.",https://www.sehatq.com/forum/bolehkah-penderita-diabetes-sarapan-oats-q19357
dr. Pany,Bagaimana cara menghindari gatal diabetes?,"Diabetes Mellitus adalah kondisi dimana sesoerang memiliki kadar gula darah tinggi dalam darah yang disebabkan gangguan fungsi dan sekresi insulin, hormon pengatur gula darah. Hal ini dipastikan dengan melakukan pemeriksaan gula darah puasa, sewaktu, post prandial dan HbA1C.
Penyebab Kulit Gatal Pada Diabetes
Ada beberapa gejala yang bisa ditimbulkan oleh diabetes, salah satunya gatal-gatal kulit pada tubuh atau disebut akantosis nigrikans. Penyebab timbulnya gatal pada diabetes ini karena gula darah yang tinggi menyebabkan sistem saraf memproduksi sitokin yang memicu peradangan atau inflamasi. 
Peradangan ini bisa timbul di kulit dan menyebabkan sensasi gatal, kering dan pecah-pecah hingga bersisik. Rasa gatal ini membuat anda menggaruk kulit yang bisa menyebabkan luka dan kemudian terjadi infeksi pada kulit serta menyisakan bekas luka menghitam atau luka yang sulit sembuh pada diabetes.
Mengatasi Kulit Gatal Diabetes
Kulit gatal pada diabetes ini bisa anda atasi dengan melakukan beberapa cara. Caranya bisa dengan:
Mengontrol gula darah
Mengoleskan lotion pelembap kulit 
Bisa menggunakan tea tree oil
Menggunakan humidifier (pelembap ruangan)
Mandi jangan terlalu lama dan gunakan air sejuk serta sabun yang mengandung pelembap
Memperbanyak asupan makanan yang mengandung omega-3 seperti alpukat, ikan, kacang-kacangan dan biji-bijian
Asupan air putih yang cukup
Namun bila kulit gatal anda semakin parah dan disertai dengan ruam kemerahan, bengkak, bintik berair dan sebagainya maka periksakanlah ke dokter kulit untuk mencari kemungkinan penyebab lainnya seperti alergi, iritasi atau infeksi kulit.",https://www.sehatq.com/forum/bagaimana-cara-menghindari-gatal-diabetes-q47103
dr. Aisyah Nur Ramadhani,Apa itu penyakit diabetes melitus?,"Diabetes melitus merupakan kelainan yang terjadi pada kelenjar insulin sehingga menyebabkan kenaikan kadar gula darah. Normalnya kadar gula darah di kontrol oleh insulin, namun karena insulin mengalami gangguan maka kadar gula darah menjadi tidak terkontrol. Diabetes yang tidak terkontrol dengan baik akan mengakibatkan komplikasi penyakit lain seperti stroke, jantung, gangguan pada mata dan ginjal.
Beberapa gejala yang sering muncul pada diabetes :
Sering haus
Sering lapar
Sering kencing terutama pada malam hari
Padangan mata buram
Luka yang lama sembuh
Diabetes umumnya terbagi menjadi diabetes 1 dan 2. Diabetes 1 bermula dari usia anak. Sedangkan diabetes 2 disebabkan oleha gaya hidup, sehingga dapat muncul dalam usia berapa saja. Diagnosis diabetes dilakukan dengan anamnesis, pemeriksaan fisik dan pemeriksaan penunjang seperti pengecekan gula darah puasa normalnya <126 mg/dL dan gula darah sewaktu normalnya <200 mg/dL. Sehingga jika Anda mendapatkan kadar gula darah yang meningkat sebaiknya periksakan lebih lanjut kedokter penyakit dalam atau lakukankonsultasi online chat ke dokter penyakit dalam.",https://www.sehatq.com/forum/apa-itu-penyakit-diabetes-melitus-q38746
dr. Vina Liliana,Diabetes apakah penyakit turunan?,"Penyakit diabetes memang memiliki faktor keturunan, namun bukan berarti bila orang tuanya diabetes, anaknya pasti diabetes. Namun bila oang tuanya diabetes, maka kemungkinan anaknya mengidap diabetes lebih besar dibanding anak yang orang tuanya tidak ada diabetes.
Diabetes sendiri memiliki ciri-ciri mudah lapar, sering haus, penurunan berat badan, sering gatal-gatal, sering kencing. Dan diabetes ini dibedakan menjadi 2 tipe yaitu diabetes tipe 1 dimana ditemukan diabetes sejak lahir karena adanya kerusakan pankreas, sedangkan diabetes tipe 2 ditemukan diabetes ketika sudah dewasa atau usia lanjut akibat pola makan yang tidak benar.
Selain faktor genetik, pola makan sangat berperan penting. Sehingga bila Anda memiliki orang tua yang diabetes perlu mulai menjaga pola makan dengan cara :
Batasi kalori yang masuk.
Hindari makanan yang manis-manis, seperti kue kering, minuman bersoda, alkohol, batasi asupan nasi.
Perbanyak makan sayur dan buah agar tidak mudah lapar.
Hindari makan terlalu kenyang.
Minum air putih yang banyak minimal 2 liter/ hari.
Lakukan olahraga secara rutin 30 menit setiap hari.
Anda juga perlu sesekali melakukan pemeriksaan kadar gula darah untuk deteksi dini, dan lakukan pemeriksaan ke dokter bila hasil laboratoriumnya tidak normal.",https://www.sehatq.com/forum/diabetes-q10711
dr. Aisyah Nur Ramadhani,Pengaturan konsumsi obat diabetes?,"Diabetes merupakan penyakit yang berkaitan dengan gula darah. Pada pasien diabetes biasanya gula darahnya akan meningkat. Diabetes bisa dicegah dengan perubahan gaya hidup. Selain dengan gaya hidup penanganan diabetes dilakukan dengan pengobatan. Pengobatan diabetes harus dikonsumsi secara teratur agar gula darah menjadi terkontrol.
Beberapa jenis pengobatan diabetes yang sering digunakan :
Metformin
Obat ini paling sering digunakan untuk menurunkan diabetes. Metformin biasanya di berikan sesudah makan
Glibenclamide dan Glimepiride
Obat ini biasanya di minum sebelum makan dan bisa diberikan secara kombinasi
Acarbose
Obat ini biasanya dikonsumsi bersamaan dengan makan
Selain beberapa obat di atas bisa juga diberikan pengobatan insulin. Untuk pengaturan dosis akan dilakukan oleh dokter penyakit dalam disesuaikan dengan evaluasi pengecekan kadar gula darah Anda setiap bulannya. Jangan lupa untuk selalu menjaga pola makan dengan menghindari makan dan minuman manis, olahraga teratur minimal 3-4 kali/minggu, istirahat cukup minimal 6-8 jam/hari, hindari rokok dan alkohol. Anda juga dapatberkonsultasi melalui online chat ke dokter penyakit dalam.",https://www.sehatq.com/forum/penyakit-diabetes-q37218
dr. Pany,Gejala awal penyakit diabetes,"Diabetes melitus merupakan suatu penyakit kronis dimana kadar gula dalam darah tinggi melebihi normalnya. Diabetes melitus termasuk dalam penyakit yang irreversible yang artinya tidak dapat disembuhkan namun dapat dikontrol hingga kadar normalnya.
Penyebab Diabetes Melitus
Terdapat berbagai kondisi dan faktor resiko yang dapat menyebabkan timbulnya diabetes. Penyebab diabetes adalah:
Riwayat keturunan atau genetik
Usia diatas 40 tahun
Pola hidup yang buruk
Kehamilan
Kelainan organ pankreas
Obesitas
Gejala Awal Diabetes
Bila gula darah tinggi bisa menimbulkan berbagai gejala yang bisa dirasakan. Berbagai gejala bila mengalami diabetes adalah:
Sering BAK malam hari
Sudah banyak minum tapi haus terus dan mulut kering
Berat badan turun walau makan seperti biasa
Badan gatal-gatal
Luka yang sulit atau lama sembuh
Tubuh lemas dan lelah
Kesemutan atau baal di tangan dan kaki
Pandangan mata kabur
Sering terkena infeksi
Keton dalam urin
Dalam mendiagnosis diabetes diperlukan pemeriksaan kadar gula darah yakni gula darah, gula darah 2 jam post prandial, gula darah sewaktu dan HbA1C. Bilamana hasil pemeriksaan menunjukkan anda mengalami diabetes, maka periksakan ke dokter spesialis penyakit dalam dan akan diberikan pengobatan yang sesuai.
Mencegah Diabetes
Untuk mencegah terjadinya diabetes maka lakukanlah kebiasaan hidup sehat seperti makan bergizi dan menghindari makanan tinggi gula atau karbohidrat berlebih serta kolesterol tinggi, olahraga secara rutin, mencapai berat badan ideal serta tidak stres dan tidur yang cukup.",https://www.sehatq.com/forum/gejala-awal-penyakit-diabetes-q38573
dr. Karlina,Apakah diabetes melitus bisa sembuh?,"Diabetes adalah penyakit yang tidak  bisa sembuh tapi kadar gula dalam darah bisa dikotrol agar tidak menimbulkan gejala dan memperkecil komplikasi
 
Gejala diabetes :
Haus berlebih
Sering kencing
Berat badan menurun
Sering lapar
Mudah lelah
Pandangan buram
Cepat marah
Penyembuhan luka lambat
 
Cara mengetahui seseorang mengalami gula darah tinggi adalah dengan pemeriksaan darah di laboratorium
Tes gula darah sewaktu / tanpa puasa : Dikatakan berlebih apabila diatas 200mg/dl
Tes gula darah puasa >126 mg/dl dikatakan diabetes
Cara mencegahnya adalah :
Makan makanan bergizi
Olahraga teratur minimal 30 menit sehari dan lakukan minimal 3x seminggu
Jaga berat badan ideal
Hindari makanan manis / bergula lebih
Ganti nasi dengan karbohidrat lain misalnya singkong, beras merah
Kontrol gula darah rutin perbulan ke dokter",https://www.sehatq.com/forum/apakah-diabetes-melitus-bisa-sembuh
dr. Aisyah Nur Ramadhani,"Apakah penderita diabetes boleh berpuasa?","Pada prinsipnya, penderita diabetes boleh saja menjalankan ibadah puasa, asalkan kadar gula darahnya terkontrol baik dan tidak memiliki penyakit serius lainnya, seperti penyakit jantung atau ginjal.
Bagi penderita diabetes, pengaturan pola makan, aktivitas fisik, dan jadwal minum obat penting untuk diperhatikan selama berpuasa. Hal ini dilakukan untuk mencegah terjadinya komplikasi berupa kadar gula darah turun secara drastis (hipoglikemia) atau justru menjadi sangat tinggi (hiperglikemia).
Tips berpuasa bagi pasien diabetes :
Jangan melewatkan makan saur dan berbuka puasa
Hindari makanan yang berlebihan
Konsumsi makanan yang banyak mengandung serat
Hindari gorengan dan makanan yang terlalu manis
Minum air putih 
Periksa gula darah secara teratur
Lakukan olahraga ringan
Konsumsi obat sesuai petunjuk dokter
Apabila saat berpuasa, Anda merasa pusing, sakit kepala, lemas, jantung berdebar-debar, keringat dingin, tubuh gemetar, dan seperti akan pingsan, segera hentikan puasa. Jangan lupa untuk kontrol teratur ke dokter spesialis penyakit dalam Anda.",https://www.sehatq.com/forum/apakah-penderita-diabetes-boleh-berpuasa-q14710
dr. Pany,Suami impoten karena diabetes harus bagaimana ?,"Komplikasi dari penyakit diabetes pada pria salah satunya adalah impotensi. Impotensi merupakan keadaan dimana pria sulit memulai atau mempertahankan ereksi. Pada diabetes, impotensi disebabkan karena terganggunya suplai darah ke bagian organ reproduksi yang berefek pada berkurangnya fungsi saraf penis.
Rangsangan seksual memicu pengeluaran nitrit oksida oleh tubuh yang kemudian masuk ke aliran darah dan membuat otot penis relaksasi sehingga aliran darah ke penis akan meningkat dan membuat ereksi yang optimal. Bila pada Diabetisi (orang yang memiliki diabetes) yang gula darahnya tidak terkontrol maka akan mengganggu kerja nitrit oksida sehingga ereksi tidak terjadi.
Untuk mengatasi impotensi pada Diabetisi sebaiknya dilakukan beberapa hal berikut :
Kontrol gula darah rutin
Minum obat gula teratur sesuai anjuran dokter
Olahraga rutin 3-4x seminggu, 30-60 menit, untuk memperlancar aliran darah, mengontrol gula darah, dan dapat mengoptimalkan kerja sel-sel tubuh dan merangsang regenerasi sel, termasuk organ reproduksi.
Makan makanan sesuai dengan diet untuk Diabetisi
Konsumsi minyak zaitun 
Perbanyak buah dan sayur untuk antioksidan sel
Asupan air putih yang cukup
Istirahat yang efektif dan cukup.
Menjaga berat badan ideal
Apabila hal-hal diatas telah dilakukan namun impotensi tidak membaik sebaiknya dikonsultasikan ke dokter spesialis penyakit dalam terkait diabetes dan dokter spesialis andrologi mengenai impotensi untuk bisa dilakukan pemeriksaan dan penanganan lebih lanjut.",https://www.sehatq.com/forum/suami-impoten-q27354
dr. Aisyah Nur Ramadhani,Apa arti GDP untuk pasien diabetes?,"Diabetes merupakan salah satu penyakit kronis yang sering terjadi pada lansia, tandanya adalah peningkatan kadar gula darah yang tinggi. Pada pasien diabetes pakreas tidak dapat memproduksi hormon insulin sehingga gula darah akan banyak terdapat dalam darah.
Beberapa gejala yang sering muncul pada pasien diabetes :
Sering buang air kecil terutama pada malam hari
Sering merasa lapar
Sering merasa haus
Berat badan turun
Badan lemas
Pandangan kabur
Luka susah sembuh
Beberapa pemeriksaan gula darah yang dapat dilakukan dalam diabetes :
Gula Darah Sewaktu (GDS)
Tes ini dapat dilakukan kapan saja, bahkan setelah Anda makan, normalnya GDS < 200 mg/dL.
Gula darah Puasa (GDP)
Tes ini dapat dilakukan setelah Anda berpuasa selama 8 jam, normalnya < 126 mg/dL.
Gula Darah 2 jam Post-Prandial (GD2PP)
Dilakukan saat 2 jam setelah makan.
HbA1c
Tes yang dilakukan untuk menilai kadar glukosa yang menempel pada sel darah merah.
Jika Anda mengalami diabetes, Anda harus sering mengecek kadar gula darah Anda secara teratur, dan minum obat secara teratur sesuai anjutan dokter penyakit dalam, agar kadar gula darah dalam tubuh stabil dan terkontrol.",https://www.sehatq.com/forum/apa-arti-gdp-untuk-pasien-diabetes-q19256
dr. Farahdissa,Bagaimana mengatasi gangguan ereksi pada diabetes?,"Adanya kondisi gangguan ereksi seperti ereksi tidak tahan lama atau bahkan tidak dapat ereksi sama sekali maka termasuk pada kondisi yang disebut impotensi.  
Penyebab terjadinya gangguan ereksi :
Faktor psikologis seperti cemas berlebihan, stres akut, hingga depresi. 
Penggunaan obat-obatan seperti obat jantung, tekanan darah tinggi. 
Memiliki riwayat penyakit diabetes yang sudah menimbulkan komplikasi hingga kerusakan saraf dan pembuluh darah. Hal inilah yang memicu terjadinya gangguan ereksi. 
Memiliki penyakit saraf contohnya alzheimer, parkinson, stroke. 
Gangguan jantung yang menganggu aliran darah dari dan ke jantung. 
Riwayat operasi pada prostat.  
Ketika anda memiliki penyakit diabetes memang dapat meningkatkan potensi terjadinya gangguan pada kelamin seperti gangguan ereksi dan ejakulasi. Untuk itu diperlukan pengaturan pola makan dan gula darah agar tetap stabil sehingga tidak menimbulkan komplikasi. 
Karena kondisi gangguan ereksi yang dialami sudah lama terjadi ada baiknya segera periksakan ke dokter spesialis urologi guna dilakukan pemeriksaan langsung pada kelamin. Apakah terdapat gangguan di kelamin atau merupakan faktor efek samping dari gula darah tinggi.  
Beberapa cara untuk mengatasi gangguan ereksi pada diabetes :
Kelola stres dan cemas. 
Hindari merokok dan alkohol. 
Jaga berat badan tetap seimbang. 
Olahraga rutin dimulai dari yang ringan. 
Pola hidup sehat dengan jaga makan dan tidur teratur. 
Rutin konsumsi obat diabetes dan periksa berkala",https://www.sehatq.com/forum/kesehatan-q44780
dr. Farahdissa,Apa saja penanganan diabetes di rumah?,"Diabetes adalah peningkatan kadar gula darah akibat adanya gangguan pada hormon insulin disertai faktor gaya hidup yang kurang baik dan keturunan diabetes di keluarga.  
Penanganan diabetes bergantung pada kepatuhan pasien terhadap obat diabetes serta perubahan gaya hidup dan pola makan. Dengan menyeimbangkan ketiga pon tersebut maka diabetes dapat terkontrol dan mencegah timbulnya komplikasi diabetes.  
Penanganan di rumah pada penderita diabetes :
Jaga asupan makan dengan mengurangi yang tinggi gula seperti nasi, roti, teh manis, jus kemasan. 
Rutin konsumsi obat gula sesuai yang dianjurkan dokter. 
Pantau berat badan, jaga agar selalu stabil, tidak kegemukan namun tidak terlalu kurus juga. 
Tetap beraktivitas hanya dikurangi jika terlalu berat. 
Olahraga ringan seperti peregangan yang rutin dilakukan setiap pagi sembari berjemur. 
Usahakan istirahat selalu teratur dan membatasi begadang. 
Rutin cek gula darah puasa per minggu sebagai evaluasi saat kontrol. 
Pastikan selalu pakai alas kaki yang lembut guna mencegah timbulknya luka. 
Rutin periksa ke dokter spesialis penyakit dalam ketika obat habis agar selalu dilakukan pemeriksaan dan evaluasi terkait penyakit diabetes yang diderita orang tua.",https://www.sehatq.com/forum/penanganan-diabetes-q45905
dr. Farahdissa,Bagaimana cara mengatasi diabetes keturunan?,"Diabetes atau gula darah tinggi termasuk pada penyakit kronis yang identik dengan faktor keturunan.  Diabetes itu sendiri memiliki dua jenis yaitu diabetes tipe1 dan diabetes tipe 2.  Diabetes juga dapat timbul akibat kehamilan yang setelah persalinan risiko ibu menderita diabetes menjadi meningkat.  Walaupun memang diabetes dipengaruhi oleh keturunan namun bukan berarti orang tua dengan diabetes pasti anaknya juga mengalami diabetes.  Hal ini juga didukung dengan pola hidup sehari-hari.
Penyebab diabetes timbul merupakan kombinasi dari keturunan, obesitas, pola makan tidak sehat, jarang olahraga.  Anda tidak perlu khawatir, bila memiliki riwayat diabetes di keluarga maka mulai dari usia muda sudah menjaga kesehatan tubuh dan mengatur pola makan sehingga risiko diabetes di tubuh tidak terpicu dan menimbulkan keluhan. 
Beberapa cara mencegah timbulnya diabetes :
Menjaga berat badan seimbang cukup penting dalam mencegah diabetes.
Mengatur pola makan bukan berarti tidak boleh makan yang manis namun membatasi makanan sesuai kalori yang dibutuhkan dan tetap memenuhi gizi seimbang.
Membatasi makanan yang diproses, makanan kalengan, makanan berpengawet dan pemanis buatan. Minuman kopi, teh, dan soda.
Olahraga secara teratur minimal 30 menit sehari 5 kali seminggu. Mulai dengan olahraga ringan dulu.
Hindari merokok dan alkohol.
Perbanyak air putih.
Evaluasi ke dokter untuk cek gula darah puasa setiap 6 bulan – 1 tahun sekali untuk menjaga kadar gula darah stabil. ",https://www.sehatq.com/forum/bagaimana-cara-mengatasi-diabetes-keturunan-q34371
dr. Lidya Hapsari,Terapi pasien covid dengan diabetes,"Panas dingin, badan pegal, batuk, serta hilang indra penciuman dapat dialami oleh setiap orang terutama kondisi pandemi virus corona seperti saat ini. Berbagai keluhan ini mengarah kuat ke infeksi virus corona namun tidak menutup kemungkinan akibat sebab lain seperti influenza biasa, radang tenggorokan maupun polip hidung.
Apa saja obat batuk pasien covid dengan diabetes ?
Ibu Anda yang memiliki riwayat diabetes saat ini panas dingin, badan pegal, batuk, serta hilang indra penciuman dapat diatasi dengan berbagai cara dan obat antara lain :
Tetap lanjutkan obat diabetes sesuai anjuran dokter.
Kontrol rutin gula darah minimal 1 kali sebulan.
Tingkatkan imun dengan mengatur asupan makan bergizi dan olahraga sesuai kemampuan.
Minum air hangat dapat dicampur 1 sendok madu untuk melegakan pernafasan.
Hirup uap panas dicampur aromaterapi atau minyak telon.
Obat guaiafenesin dapat dikonsumsi untuk batuk berdahak pada pasien diabetes.
Konsumsi vitamin C, vitamin D dan zink.
Namun jika setelah konsumsi obat guaiafenesin batuk berdahak pada Ibu Anda tidak merada, sesak nafas, demam tinggi, badan terasa lemas, maka segera konsultasi ke dokter spesialis paru di rumah sakit terdekat yaa. 
Semoga bermanfaat.",https://www.sehatq.com/forum/obat-batuk-berdahak-untuk-penderita-diabetes-q40952
dr. Aisyah Nur Ramadhani,Habbatus Sauda untuk mengobati diabetes,"Diabetes merupakan salah satu penyakit yang sekarang ini sering di alami oleh beberapa orang. Diabetes merupakan suatu keadaan dimana pankreas tidak dapat memproduksi hormon insulin dengan baik sehingga menyebabkan kadar gula dalam darah tinggi. Kadar gula yang tidak terkontrol dan tinggi di dalam tubuh dapat mengakibatkan komplikasi penyakit seperti penyakit jantung, stroke, ginjal, dan lain sebagainya.
Sedangkan pengobatan habbatus sauda untuk diabetes belum ada penelitian secara medis terkait manfaat habbatus sauda untuk pengobatan diabetes. Habbatus sauda merupakan salah satu pengobatan herbal yang sering digunakan di Indonesia. Sehingga jika Anda menggunakannya untuk pengobatan diabetes, sebaiknya konsultasikan ke dokter penyakit dalam terkait penggunaannya. Apakah ada interaksi dengan obat diabetes lainnya atau tidak. Jika Anda membutuhkan informasi lebih lanjut, Anda dapat menghubungi dokter penyakit dalam secara online chat.",https://www.sehatq.com/forum/penyakit-diabetes-q42253
dr. Aisyah Nur Ramadhani,Detocline untuk Diabetes dan Kolesterol?,"Diabetes adalah penyakit yang ditandai dengan kadar gula darah tinggi atau di atas normal. penyakit diabets merupakan penyakit kronis (penyakit yang berlangsung lama) jikapenyakit diabetes tidak terkontrol dengan baik, akan menimbulkan berbagai komplikasi.
Faktor resiko Diabetes : Riwayat Keluarga, faktor geografi, berat badan / obesitas, gaya hidup tidak sehat / jarang olahraga, faktor usia dan faktor pemicu lainnya
Gejala Diabetes : Sering haus, sering kencing (terutama malam hari), sering lapar, lemas, pandangan kabur, luka sulit sembuh, sering infeksi.
Kolesterol diperlukan tubuh, namun apabila Anda memiliki kolesterol yang berlebihan akan menimbulkan plak yang menutup arteri sehingga menghambat peredaran darah. 
Produk yang Anda maksud merupakan obat herbal, kandungannya siung (cloves fitur anti inflamasi), bunga herbal, akar merah dan ceantury. obat ini berfungsi sebagai suplemen diet dan juga untuk infeksi parasit didalam tubuh. Namun belum ada jurnal atau penelitian ilmiah lebih lanjut terkait pengobatan untuk diabetes dan kolesterol.
Saran saya, jangan mengkonsumsi produk yang belum terbukti secara medis pasti untuk mengobati diabetes dan kolesterol. Konsumsi obat yang memang diresepkan dan di monitor oleh dokter.",https://www.sehatq.com/forum/detocline-q10664
dr. Karlina Lestari,Makanan khusus hipertensi dan diabetes,"Untuk menjaga kadar gula darah dan tekanan darah selain dengan obat-obatan Anda juga harus melakukan pola hidup sehat dan makanan yang sesuai dengan kondisi Anda.
Pada penderita diabetes dianjurkan konsumsi makanan bergizi yang rendah lemak dan kalori seperti:
Mengganti karbohidrat dengan karbohidrat kompleks seperti nasi, roti, gandum
Konsumsi sayuran yang direbus, kukus seperti kale, bayam, brokoli
Meminum jus tanpa gula
Daging tanpa lemak
Tahu dan tempe
Susu rendah lemak
Ikan berlemak baik, seperti tuna, salmon
Untuk penderita tekanan darah tinggi, konsumsi makanan mengandung serat, magnesium dan kalium untuk mengendalikan tekanan darah Anda:
Kurangi garam
Kurangi makanan berlemak tinggi dan berkolesterol tinggi
Perbanyak sayur danbuah
Hindari minuman manis dan daging merah
Mengganti minyak dengan minyak zaitun
Selain itu:
Ukur tekanan darah teratur
Ukur gula darah teratur
Hindari stress
Olahraga",https://www.sehatq.com/forum/penyakit-dalam-q11358
dr. Vina Liliana,Sakit diabetes apa jadi mandul?,"Diabetes adalah penyakit yang dalam dunia medis disebut sebagai silent killer karena seringkali tidak bergejala, dan baru menimbulkan gejala bila kondisinya sudah parah dan sudah terjadi berbagai komplikasi.
Berbagai komplikasi diabetes meliputi:
Mikrovaskular. Biasanya menyerang organ mata berupa penglihatan buram, organ ginjal berupa gagal ginjal, atau adanya kesemutan atau mati rasa pada tangan atau kaki akibat kerusakan saraf. Yang perlu diperhatikan adalah bahaya komplikasi gagal ginjal, karena bila sudah terjadi gagal ginjal maka sudah tidak bisa diperbaiki lagi dan butuh cuci darah secara berkala sebagain pengganti ginjal yang rusak.
Makrovaskular. Biasanya muncul sebagai serangan stroke bila menyerang otak, atau serangan jantung (jantung koroner).
Tidaklah benar bahwa komplikasi diabetes pada wanita bisa menyebabkan seseorang menjadi mandul. Namun pada pria, komplikasi diabetes bisa berupa impotensi sehingga tentunya akan menimbulkan masalah saat berhubungan seksual dan memperkecil kemungkinan terjadinya kehamilan karena sperma tidak bisa masuk ke dalam vagina.
Sebaiknya jalankan pola hidup sehat, dan kontrol ke dokter penyakit dalam bila memang ada riwayat keturuna diabetes, atau ada gejal-gejala seperti mudah lapar, sering haus, penurunan berat badan, dll.",https://www.sehatq.com/forum/diabetes-q18577
dr. Dwiana Ardianti,"Diabetes mellitus, apa saja gejalanya?","Diabetes mellitus adalah suatu penyakit yang bersifat kronis dan ditandai dengan tingginya kadar gula darah dalam tubuh. Kondisi ini disebabkan karena adanya masalah pada hormon insulin. Hormon insulin dihasilkan oleh pankreas dan berfungsi untuk menyimpan, menggunakan gula dan juga lemak pada tubuh.Terdapat beberapa jenis penyakit diabetes mellitus, namun yang paling sering terjadi pada usia diatas 40 tahun adalah diabetes mellutus tipe 2.
Gejala diabtes mellitus diantaranya adalah:
Sering kencing (terutama di malam hari)
Mudah haus dan lapar
Mudah lelah
Kesemutan
Berat badan turun tanpa penyebab yang jelas
Nyeri kepala
Adanya gangguan pada kulit, speerti kulit kering dan atau disertai rasa gatal
Terkait dengan keluhan yang dirasakan ibu Anda, selain itu bisa juga disebabkan oleh adanya infeksi saluran kemih, batu saluran kemih, adanya ganguan elektrolit dan lain sebagainya. Untuk itu, segeralah memeriksakan diri ke dokter spesialis penyakit dalam terdekat untuk dilakukan pemeriksaan.
Beberapa tips untuk mencegah diabetes mellitus adalah:
Berusaha memiliki berat badan ideal
Konsumsi makanan sehat dan bergizi siembang
Hindari merokok
Berolahraga secara rutin agar badan tetap sehat dan bugar
Kurangi kebiasaan mengonsumsi makanan / minuman manis yang berlebihan",https://www.sehatq.com/forum/penyebab-sering-kencing-q20080
dr. Adhi Pasha Dwitama,Luka diabetes apakah bagus jika diperban,"Luka diabetes atau istilahnya adalah ulkus diabetikum merupakan luka yang bisa sulit sembuh dan bisa menjadi infeksi sampai menimbulkan kematian jaringan dan memerlukan amputasi. Jika ada luka diabetes besar yang sulit sembuh dan memiliki riwayat diabetes tidak terkontol, maka harus lebih waspada dan perlu segera memeriksakan diri agar dilakukan penanganan dan perawatan pada luka diabetes.
Luka diabetes sendiri perlu dijaga kebersihannya dengan cara:
Bersihkan luka setiap hari menggunakan larutan saline atau air infus NaCl
Tutup luka dengan kassa steril dan ganti apabila basah dan kotor
Hindari luka dari paparan kotoran
Berikan salep antibiotik apabila ada tanda infeksi
Jika luka lebih besar, mengeluarkan nanah atau bau yang khas, luka tidak kunjung sembuh maka sebaiknya segera periksakan diri pada dokter spesialis bedah untuk dilakukan pembersihan luka dan memeriksakan diri pada dokter spesialis penyakit dalam untuk penanganan kadar gula darahnya.
Pentingnya mengontrol gula darah
Apabila saat ini kadar gula darah masih belum bisa terkontrol dengan baik, perlu juga menjaga pola makan, menjaga asupan makan, dan minum obat sesuai anjuran. Jika sulit mengendalikan kadar gula darah dengan obat, tidak jarang diperlukan pemberian insulin agar gula darah bisa terjaga. Selalu gunakan alas kaki dan cek kaki setiap hari, jika ada luka baru agar segera dilakukan penanganan agar tidak bertambah besar. Semoga bermanfaat.",https://www.sehatq.com/forum/perbab-q21500
dr. Lizsa Oktavyanti,Apa ciri ciri luka diabetes kering?,"Diabetes atau kencing manis merupakan penyakit metabolic, yang menyebabkan kadar gula dalam darah akan meningkat. Diabetes banyak diderita oleh masyarakat. Indonesia menjadi negara ke 5 dengan jumlah penderita terbanyak di dunia.
Apa ciri ciri luka diabetes kering?
Salah satu dari komplikasi diabetes adanya luka, yang banyak dialami pada kaki. Luka diabetes kering mengarah pada komplikasi luka yang bersfat kering. Berikut adalah ciri-ciri luka diabetes yang kering :
Timbulnya bercak kecoklata, kehitaman, pada kulit,
Paling sering timbul pada kaki,
Kulit menjadi sangat kering kering,
Timbulnya luka lecet,
Timbul kapalan pada kaki,
Luka yang timbul bersifat kering, atau tidak bernanah, dan berair.
Bagaimana cara mengatasi luka diabetes kering?
Bila timbul luka kering pada kaki, tanpa adanya nanah, atau tanpa berarir, maka sebaiknya anda melakukan beberapa hal untuk mengatasi, dan juga mencegahnya, seperti :
Bersihkan luka dengan larutan iodine,
Jangan menggaruk kaki, atau pun luka,
Gunakan lotion untuk melembabkan kaki,
Gunakan sendal, walau sedang didalam rumah, untuk mencegah terbentuknya luka baru, atau pun untuk melindungi kaki, karena pada penderita diabetes, banyak yang mengalami parastesi pada kaki, atau berkurang, hingga hilangnya rasa nyeri, sehingga menyebabkan tidak menyadari adanya luka pada kaki,
Hindari tekanan pada kaki dengan jangka panjang,
Menjaga kadar gula tetap normal, untuk mempercepat penyembuhan luka,
Selalu minum obat secara teratur,
Kontol gula darah secara rutin,
Kontrol ke dokter penyakit dalam secara rutin.
Apa perbedaaan luka diabetes kering dan basah?
Luka kering dan basah pada diabetes hanya digunakan di Indonesia. Luka basah, dan luka kering pada diabetes bukan termasik jenis dari diabetes yang selama ini sering dibicarakan. Hal ini mengarah pada, luka basah diabetes merupakan bentuk kelanjutan dari luka kering yang tidak dirawat, dan terjadi infeksi. Luka basah diabetes adalah luka yang bernanah, atau pun luka yang basah.
Bila luka anda menjadi basah, bernanah, dan bahkan hingga menimbulkan bau busuk, sebaiknya anda segera berkonsultasi dengan dokter bedah, dan dokter penyakit dalam untuk mengatasi luka yang anda alami.",https://www.sehatq.com/forum/apa-ciri-ciri-luka-diabetes-kering-q55277
dr. Farahdissa,"Bagaimana cara mengatasi luka diabetes menghitam?","Pada penderita diabetes mudah mengalami luka yang mana ketika gula tidak terkontrol dengan baik maka luka akan lebih susah untuk sembuh dan berisiko untuk terjadi infeksi, berlubang hingga luka menghitam. Karena itu dalam mengatasi luka diabetes tidak hanya dengan permbersihan luka tetapi juga dengan kontrol gula dan evaluasi luka secara berkala.  
Cara mengatasi luka diabetes menghitam :
Bersihkan luka dengan perlahan menggunakan kasa steril dan cairan saline atau NaCl.  
Ganti kasa setiap membersihakn luka yang bernanah agar tidak semakin kotor. 
Setelah itu keringkan luka lalu kompres menggunakan kasa steril yang sudah dibasahi cairan NaCl dan diperas.  
Hindari penggunaan salep kecuali atas anjuran dokter. 
Jaga pola makan dengan membatasi semua yang mengandung gula, garam yang terlalu tinggi, pengawet, MSG, instan dan minuman berkafein. 
Pastikan saat berbaring atau duduk sering ganti posisi terutama daerah yang luka agar tidak semakin memberat. 
Rutin konsumsi obat gula sesuai dosis yang disarankan agar gula dapat terkontrol dan tidak menimbulkan komplikasi pada organ lainnya. 
Lalu segera periksa ke dokter spesialis penyakit dalam untuk dilihat lukanya, jika memang sudah cukup parah dan luka diabetes menghitam ditandai dengan kematian jaringan kulit maka dokter akan merujuk ke dokter spesiialis bedah untuk penanganan lebih lanjut, apakah perlu operasi pembersihan saja atau sampai pengangkatkan bagian luka.  ",https://www.sehatq.com/forum/bagaimana-cara-mengatasi-luka-diabetes-menghitam-q48191
dr. Denny Sutanto,Diabetes Nefropatik apakah menyebabkan darah tinggi?,"Kondisi diabetes yang tidak terkontrol secara berkepanjangan dapat menyebabkan kerusakan pada organ-organ dalam tubuh. Tentunya ini juga dapat menyebabkan komplikasi pada ginjal yang dikenal dengan istilah diabetes nefropati. Kondisi ini diketahui dapat terjadi pada 40% penderita diabetes.
Selain fungsi ginjal untuk menyaring dan membuang sisa metabolisme tubuh, ginjal juga memproduksi enzim renin. Enzim ini penting untuk mengatur tekanan darah melalui sistem Renin-Angiotensin-Aldosteron. Selain tekanan darah, keseimbangan elektrolit dalam tubuh juga turut diatur oleh sistem ini.
Menjawab pertanyaan Anda, kondisi hipertensi atau tekanan darah tinggi umum ditemukan pada pasien diabetes dengan komplikasi diabetes nefropati. Tentunya, kondisi ini dapat dinormalkan kembali dengan kontrol rutin diabetes untuk mencegah perburukan komplikasi ginjal, disertai dengan pemberian obat-obatan anti hipertensi. Namun perlu diingat bahwa kerusakan organ pada umumnya sudah bersifat permanen sehingga obat diperlukan untuk menjaga agar komplikasi dapat terkontrol.
Cara mencegah komplikasi diabetes
Karena hal di atas, maka mencegah terjadinya komplikasi adalah hal yang lebih baik dibandingkan mengobatinya. Anda dapat melakukan hal berikut agar kondisi diabetes yang Anda alami tidak menyebabkan komplikasi
Memeriksa kadar gula darah secara rutin
Kontrol secara berkala ke dokter untuk menyesuaikan dosis pengobatan diabetes
Upayakan untuk melakukan gaya hidup aktif
Lebih banyak makan makanan tinggi serat serta indeks glikemik yang rendah
Sebaiknya berkonsultasilah dengan dokter spesialis penyakit dalam apabila Anda mengalami kondisi diabetes, khususnya jika disertai dengan komplikasi. Dokter akan memberikan obat anti diabetes dengan dosis yang tepat sesuai kondisi Anda, ataupun juga menganjurkan penggunaan insulin apabila dirasa obat tidak mampu merangsang tubuh untuk memproduksi insulin alami untuk menurunkan kadar gula darah.",https://www.sehatq.com/forum/diabetes-nefropatik-q55483
dr. Vina Liliana,Apa itu metformin untuk diabetes?,"Metformin adalah salah satu obat golongan biguanid yang digunakan untuk mengontrol kadar gula darah yang berlebihan. Sama seperti obat tekanan darah tinggi, metformin ini juga hanya bersifat mengontrol, bukan menyembuhkan atau menghilangkan 100%. Berbeda dengan antibiotik yang sifatnya menyembuhkan.
Pada penderita diabetes, karena fungsi pankreasnya tidak baik, maka insulin di dalam darah hanya sedikit atau kurang sensitif, sehingga kadar gula akan meningkat. Disinilah peran metformin untuk menstabilkan kadar gula darah. Namun tentunya ada dosis-dosis dan kombinasi obat yang perlu diperhatikan sesuai dengan nilai hasil laboratorium kadar gula darah Anda.
Pada tahap awal biasanya metformin ini digunakan sehari 2 kali dengan dosis 500 mg. Namun bila dalam pemakaian 2 minggu kadar gula masih tinggi, maka dosisnya bisa dinaikkan menjadi 850 mg atau dikombinasi dengan obat golongan lain tergantung nilai kadar gula darahnya.
Selain mengandalkan obat-obatan, penderita diabetes juga perlu mengantur pola makan agar gula darahnya tidak terus bertambah dengan cara:
Batasi kalori yang masuk.
Perbanyak makan sayur dan buah agar tidak mudah lapar.
Minum air putih yang banyak.
Hindari gorengan dan makanan berlemak.
Lakukan olahraga secara teratur untuk membakar kalori.
Pastikan untuk minum obat secara teratur, jaga pola makan, dan lakukan pemeriksaan kadar gula darah secara berkala untuk memantau hasil pengobatan Anda.",https://www.sehatq.com/forum/apa-itu-metformin-untuk-diabetes-q21275
dr. Sylvia V,Obat untuk menyembuhkan diabetes kering,"Sebenarnya, 'gula kering' atau 'diabetes kering' bukan istilah yang digunakan di dalam dunia medis. Terminologi yang biasanya digunakan adalah diabetes melitus, yakni tingginya kadar gula di dalam darah karena resistensi hormon insulin. Kondisi ini dapat menyebabkan timbulnya luka (ulkus) di bagian tubuh, biasanya pada kaki. Nah, luka tersebut dapat basah maupun kering.
Mengenai obat untuk menangani ulkus kering karena diabetes, obat ini tidak bisa diberikan tanpa pemeriksaan terlebih dahulu. Pasalnya, ragam obat diabetes sangatlah banyak, dan pemberiannya perlu disesuaikan dengan kondisi pasien masing-masing. Pun, tidak semua diabetes harus ditangani dengan obat-obatan, ada juga yang harus dilakukan suntik insulin.
Untuk itu, disarankan agar Anda melakukan pemeriksaan fisik dan penunjang terlebih dahulu kepada dokter spesialis penyakit dalam. Nantinya, dokter akan mengevaluasi hasil pemeriksaan, kemudian akan menyarankan terapi yang tepat untuk Anda, apakah obat atau perlu suntik insulin.
Lalu, dianjurkan juga untuk melakukan pola hidup untuk mencegah lonjakan gula darah, seperti:
membatasi asupan karbohidrat sederhana (nasi putih, mi, pasta, tepung terigu)
menghindari minuman dengan gula putih dan pemanis buatan
tidur cukup 7-9 jam per hari
olahraga rutin agar berat badan ideal
hindari merokok maupun menjadi perokok pasif
Semoga bermanfaat.
",https://www.sehatq.com/forum/obat-untuk-menyembuhkan-diabetes-kering
dr. Anandika Pawitri,Diabetes tipe 1 dan 2,"Diabetes adalah sebuah kelainan dimana kadar gula dalam darah lebih tinggi dari nilai normal. Gula tidak semestinya terlalu tinggi di peredaran darah, jika terjadi demikian dapat mengakibatkan masalah. Keadaan ini dapat meningkatkan risiko penyakit jantung, kelainan saraf, gangguan ginjal, gangguan mata dan beberapa penyakit lainnya.
Beberapa gejala diabetes:
- Sering merasa haus
- Sering BAK
- Merasa lapar berlebihan
- Luka sembuh lama
- Mata buram
Diabetes tipe 1 adalah ketika tubuh tidak membuat insulin. Insulin adalah hormon yang bertugas memasukkan gula dari darah ke jaringan. Biasanya terjadi sejak kecil, karena kelainan genetik, dan bukan karena pola hidup yang tidak sehat.
Diabetes tipe 2 lebih banyak umum dialami orang, kondisi ini terjadi saat insulin tidak cukup banyak di dalam darah, sehingga kadar gula darah yang beredar tetap tinggi. Tipe ini berkaitan dengan gaya hidup yang tidak sehat dan obesitas.",https://www.sehatq.com/forum/diabetes-tipe-1-dan-2
dr. Andre Zaini,Cemilan yang baik buat penderita diabetes,"Berikut beberapa tips dan camilan untuk penderita diabetes :
Tidak boleh makan diantara waktu makan. Kecuali bila anda menggunakan obat diabetes dengan potensi mengakibatkan kadar gula darah drop.
Hanya boleh mengemil camilan dengan jumlah kalori dibawah 150. Camilan kalau terlalu berlebihan sama saja dengan menambah 1x porsi makan
Hati-hati dengan camilan low fat. Karena makanan low fat bukan berarti no fat. Seperti pepatah sedikit-sedikit menjadi bukit.
Hindari camilan dengan proses pembuatan yang rumit. Baca tulisan keterangan dibelakang camilan bila tulisannya panjang lebih baik tidak usah dimakan.
Lebih baik mengemil buah atau sayuran. Seperti anggur, apel dan pisang.
Yogurt atau buah diblender
Anda juga bisa diskusi langsung dengan Dokter anda tentang camilan yang cocok untuk anda. Semoga bermanfaat.",https://www.sehatq.com/forum/cemilan-yang-baik-buat-penderita-diabetes
dr. Sylvia V,Hammer of thor bagi penderita diabetes,"Hammer of thor adalah sebuah suplementasi yang diklaim dapat membesarkan penis sekaligus mengobati disfungsi ereksi. Biasanya, hammer of thor dijual dalam bentuk bubuk atau tablet yang bisa dikonsumsi begitu saja maupun dicampurkan ke dalam air putih.
Cara kerja hammer of thor adalah dengan menghambat produksi enzim PDE5, yang berperan untuk mencegah penis ereksi. Jadi, apabila enzim ini terhambat, maka ereksi akan lebih maksimal dan lebih tahan lama. Selain itu, hammer of thor juga melancarkan aliran darah ke alat kemaluan, sehingga penis akan lebih keras pada saat ereksi.
Nah, terkait dengan pertanyaan Anda, salah satu penyebab disfungsi ereksi yang umum dialami adalahdiabetes melitus. Disfungsi ereksi dapat terjadi karena faktor peredaran darah, fungsi saraf, dan otot pada penderita diabetes.
Akan tetapi, bagi penderita diabetes, penanganan disfungsi ereksi yang telah memiliki uji ilmiah bukanlah hammer of thor. Sampai saat ini, belum ada riset yang meneliti keterkaitan dan keamanan penggunaan hammer of thor dengan disfungsi ereksi pada diabetes. Jadi, apabila ingin mengonsumsinya, Anda harus mengonsultasikannya dulu kepada dokter spesialis penyakit dalam dan dokter spesialis urologi Anda. 
Penanganan Disfungsi Ereksi
Namun, Anda dapat mencoba melakukan beberapa penanganan disfungsi ereksi pada pasien diabetes yang dapat dilakukan seperti:
mengonsumsi beberapa jenis obat-obatan (baik obat minum atau obat yang dimasukkan ke penis)
vakum penis
implan penis",https://www.sehatq.com/forum/ham-dr-q31252
dr. Dwiana Ardianti,Apakah tidak menstruasi adalah tanda diabetes?,"Secara normalnya haid terjadi  pada wanita dengan siklus haid berkisar 21 - 35 hari. Keadaan ketika wanita tidak haid selama 90 hari berturut-turut atau 3 bulan berturut-turut atau lebih disebut dengan amenorea sekunder. Penyebab amenorea sekunder ini beragam.
Adapun beberapa penyebab amenorea sekunder adalah:
Ketidak seimbangan hormon dalam tubuh
Masa pubertas
Efek KB
Berat badan tidak ideal
Penyakit pada organ reproduksi
PCOS
Kelainan tiroid
Kondisi medis lainnya
Tidak haid dan gejala diabetes
Terkait dengan apa yang Anda tanyakan, tidak haid bukan merupakan gejala dari diabetes. Adapun gejala dari diabetes adalah mudah lapar, mudah lelah, sering BAK teruatma di malam hari, mudah lemas, dan lain sebagainya. Jika Anda ada riwayat diabetes dari ibu/keluarga dan saat. ini Anda cemas, bisa melakukan pemeriksaan ke dokter.
Konsumsi makanan sehat bergizi, hindari kelelahan, lakukan istirahat cukup, minum air putih cukup, berolahraga ringan dengan rutin, konsumsi buah dan sayur serta terpakan gaya hidup bersih serta sehat agar siklus haid kembali lancar. Lakukan pemeriksaan ke dokter spesialis kandungan untuk tatalaksana lebih lanjut.",https://www.sehatq.com/forum/gejala-diabetes-q50555
dr. Ester Agustina,Makanan yang baik buat penderita diabetes,"Tape ubi maupun tape ketan merupakan makanan yang sama-sama difermentasi dengan mikroorganisme. Kelebihan dari makanan ini adalah menyehatkan saluran pencernaan, melancarkan pencernaan, dan mencegah kanker usus.
Bagi penderita diabetes disarankan untuk mengonsumsi makanan dengan indeks glikemik rendah. Ubi memiliki indeks glikemik yang rendah, begitu juga dengan ketan. Tape ketan dapat mencegah sindrom metabolik. Walaupun begitu, tetap disarankan agar dalam mengonsumsi tape ubi maupun tape ketan tetap diperhatikan jumlah yang dimakan, frekuensi, dan pengolahan dari makanan tersebut.
Makanan-makanan yang disarankan bagi penderita diabetes yaitu:
Sayuran hijau
Buah-buahan citrus (jeruk, lemon, dan anggur), berries (stoberi, blueberry, raspberry, blackberry)
Ubi
Gandum utuh
Ikan
Kacang-kacangan
Kacang kenari
Konsumsilah makan-makanan diatas dan disertai dengan aktivitas fisik (olahraga) 3-5 kali seminggu dengan durasi 20-30 menit. Jika Anda masi bingung, Anda bias berkonsultasi dengan dokter spesialis gizi mengenai pola makan yang baik bagi penderita diabetes sehingga gula darah Anda pun tetap terkontrol.
",https://www.sehatq.com/forum/makanan-yang-baik-buat-penderita-diabetes
dr. Adhi Pasha Dwitama,Apakah penderita diabetes boleh mengkonsumsi simvastatin?,"Simvastatin adalah obat golongan statin yang membantu menurunkan kadar kolesterol. Obat ini merupakan obat golongan resep dimana dosisnya perlu disesuaikan dengan kondisi Anda dan kadar kolesterol. Jika pada pemeriksaan kadar trigliserida juga tinggi, maka dokter akan mempertimbangkan pemberian obat lainnya.
Untuk itu jika saat ini memiliki riwayat diabetes dan juga kolesterol tinggi. periksakan dulu pada dokter atau dokter spesialis penyakit dalam. Nantinya perlu diketahui nilai kolesterol terakhir ataupun komponennya seperti LDL dan HDL dan juga nilai trigliserida Anda. Penderita diabetes sendiri bisa mengonsumsi simvastatin tapi harus dengan resep dokter.
Selain itu perlu juga menjaga kesehariannya seperti:
Menjaga asupan makan
Jaga makan dan hindari makanan berlemak, bersantan, makanan yang berminyak
Hindari makanan seperti jeroan hewan, seafood, daging yang berlemak
Upayakan mengolah makan tidak dengan digoreng
Jaga kadar gula darah juga
Olahraga rutin
Perbanyak minum air putih
Kolesterol tinggi dan diabetes sendiri merupakan hal yang bisa menimbulkan beragam komplikasi terutama masalah pembuluh darah seperti stroke dan juga serangan jantung. Untuk itu perlu dikelola dengan baik agar kadarnya tetap normal. Semoga bermanfaat.",https://www.sehatq.com/forum/diabetes-dan-simvestatin-q27472
dr. Vina Liliana,"Sering haus dan kencing apa diabetes?
","Diabetes adalah penyakit yang mana kelenjar insulinnya terganggu sehingga tidak bisa memproduksi insulin dengan baik yang akan mengakibatkan kadar gula darah menjadi berlebihan. Beberapa gejala yang sering muncul pada diabetes adalah mudah lapar, mudah haus, penurunan berat badan, sering kencing, kulit terasa gatal-gatal, jika ada luka sulit sembuhnya, dll. Dan penyakit ini bisa mengenai anak-anak maupun orang dewasa. Untuk diabetes pada anak biasanya termasuk dalam golongan DM tipe satu yakni bawaan sejak lahir akibat adanya kerusakan pada pankreasnya.
Untuk keluhan anak Anda yang sering minum dan juga sering kencing meski kencingnya tidak sebanding dengan yang diminum maka mungkin saja yang anak Anda alami adalah infeksi saluran kemih.
Gejala-gejala infeksi saluran kemih:
Sering kencing meski minumnya tidak terlalu banyak.
Urin hanya keluar sedikit-sedikit.
Kencing terasa tidak tuntas ingin kencing terus.
Nyeri ketika kencing.
Bisa muncul urin bercampur dengan darah.
Penanganan terhadap anak Anda sementara di rumah adalah minum air putih yang banyak untuk mengeluarkan infeksinya. Minum paracetamol jika terasa nyeri. Kencing jangan ditahan-tahan. Jika muncul keluhan demam atau keluhan tidak membaik dalam waktu 3 hari, maka sebaiknya cek urin lengkap dan hasilnya ditunjukkan ke dokter terdekat.",https://www.sehatq.com/forum/sering-haus-dan-kencing-sebentar-bentar-q40774
dr. Pany,Kulit merah ungu pada diabetes apa penyebabnya ?,"Leukosit merupakan sel darah putih yang jumlah normalnya pada rentang 5000-10.000 mg/dl pada orang dewasa. Leukosit yang meningkat menandakan adanya suatu infeksi bakteri yang luas yang terjadi dalam tubuh. Bila keadaan ini dibiarkan terus-menerus tanpa penanganan yang tepat bisa menjadi sepsis (infeksi berat). Untuk menurunkan leukosit harus diberikan obat antibiotik oleh dokter
Pada penderita diabetes (diabetisi) terjadi penurunan imunitas sehingga mudah terserang infeksi. Kadar gula yang tinggi dalam darah menghambat aliran darah dan bahkan bisa membuat penyumbatan pada pembuluh darah sehingga sel-sel jaringan dan saraf kekurangan nutrisi. Kadar gula yang tinggi dalam darah juga menjadikan bakteri memiliki makanan untuk berkembang biak.
Kulit yang berwarna merah keunguan menandakan adanya peradangan pada kulit yang disebut selulitis. Kulit merah keunguan disertai rasa panas dan nyeri, penderita bisa demam, mual, muntah, tidak nafsu makan, badan lemas, dan sulit bergerak. Hal ini sangat sering terjadi pada diabetisi dan bahkan bisa sering terjadi kekambuhan. Sebaiknya dikonsultasikan ke dokter spesialis penyakit dalam untuk diabetesnya dan dokter spesialis bedah untuk selulitisnya. Perlu pmeberian obat antibiotik serta dievaluasi obat penurun gula darah yang tepat. Untuk makanan yang harus dikonsumsi diabetisi adalah diet rendah gula dan harus disesuaikan dengan fungsi ginjalnya. Diimbangi dengan olahraga ringan secara rutin dan asupan air putih yang cukup.",https://www.sehatq.com/forum/kadar-leukosit-28-000-q28321
